Sale_ID,Date,Product_ID,Region,Units_Sold,Unit_Price,Promotion_Applied,Customer_ID
1,2023-04-13,P003,West,13,127.79546731781838,0,C003
2,2023-06-29,P003,East,4,103.88054341006463,0,C002
3,2023-04-03,P001,South,11,459.9371524709642,0,C003
4,2023-01-15,P004,South,18,59.88380464527308,0,C002
5,2023-04-17,P005,South,11,257.91937479011654,0,C005
6,2023-03-13,P003,West,4,118.21786365187437,0,C003
7,2023-01-21,P001,East,18,29.07568202957705,1,C003
8,2023-04-13,P005,East,1,27.649220962798932,0,C003
9,2023-05-02,P004,North,7,95.8586683318554,0,C002
10,2023-03-16,P003,North,6,434.71747370794014,0,C004
11,2023-03-29,P005,East,15,148.41458454874305,0,C005
12,2023-04-27,P005,East,18,475.7249935818949,1,C003
13,2023-04-10,P005,East,11,294.99492356470483,1,C004
14,2023-04-14,P003,West,15,223.94095298669538,0,C005
15,2023-06-01,P003,East,16,294.2435289880328,1,C005
16,2023-05-11,P002,North,7,263.18220876087116,1,C003
17,2023-05-30,P004,West,10,381.80036434108933,1,C003
18,2023-02-22,P001,East,12,148.42307232669762,1,C002
19,2023-01-02,P005,North,14,182.99469188414815,1,C004
20,2023-03-29,P002,West,5,448.10620824129285,1,C004
21,2023-06-07,P001,East,18,473.7636914436987,0,C003
22,2023-02-07,P002,East,5,447.3535314683725,0,C005
23,2023-05-10,P003,East,3,215.52951703908366,0,C003
24,2023-01-21,P005,West,5,392.37909647337204,0,C005
25,2023-06-10,P001,North,17,243.4045093175384,0,C005
26,2023-02-27,P001,North,19,253.79452755159008,1,C003
27,2023-01-22,P001,South,19,110.29325343806914,0,C001
28,2023-03-30,P001,East,12,299.6538485966731,0,C004
29,2023-02-18,P001,South,9,101.20658989914048,1,C005
30,2023-02-28,P002,South,1,172.46670254292493,1,C005
31,2023-06-19,P005,North,18,428.96479879376824,0,C001
32,2023-01-15,P003,West,4,111.46714651331907,1,C002
33,2023-06-24,P003,West,10,44.86755973498208,1,C001
34,2023-02-20,P003,North,7,43.81372038027999,1,C001
35,2023-04-18,P003,West,1,470.9844150465229,1,C005
36,2023-02-24,P002,South,17,258.39101460129893,0,C004
37,2023-03-05,P004,East,2,210.61191519033898,1,C001
38,2023-05-11,P005,North,11,407.33050469388,0,C002
39,2023-02-20,P001,East,9,419.5547046761528,0,C003
40,2023-05-15,P004,West,7,172.77360622664625,1,C001
41,2023-01-21,P003,East,17,349.87284816215964,1,C001
42,2023-03-14,P004,West,17,387.85017976742444,1,C002
43,2023-06-16,P005,West,2,330.7788365643177,0,C004
44,2023-01-18,P001,South,6,84.28158665204869,1,C001
45,2023-05-12,P001,West,14,439.18271092335794,1,C001
46,2023-03-30,P005,South,6,274.1563308406443,1,C004
47,2023-03-01,P005,South,2,148.4114889213018,1,C002
48,2023-01-14,P003,South,1,218.36181086447002,1,C001
49,2023-01-09,P001,North,10,28.409834295464616,0,C004
50,2023-03-31,P004,North,5,72.6547325989846,1,C001
51,2023-02-22,P002,West,2,385.1179077527718,1,C003
52,2023-05-10,P002,South,16,10.005701030129408,1,C005
53,2023-03-25,P005,North,2,214.11725595632316,0,C003
54,2023-04-02,P003,South,10,266.0299887319383,1,C001
55,2023-04-21,P002,East,2,36.77086580047643,0,C002
56,2023-06-21,P001,East,16,486.8082998564431,0,C005
57,2023-01-08,P005,East,16,120.80141231233925,1,C003
58,2023-06-24,P004,West,19,159.05737262177763,1,C004
59,2023-02-04,P005,South,7,158.93183100496339,1,C002
60,2023-03-22,P004,East,12,122.90416443750145,0,C003
61,2023-06-13,P005,North,15,10.722172822292594,0,C004
62,2023-02-19,P005,East,8,367.3789491031182,0,C001
63,2023-04-14,P005,East,6,483.7542949016498,0,C004
64,2023-05-12,P004,East,10,119.90380680967208,0,C003
65,2023-01-02,P004,West,3,334.89312398367696,0,C003
66,2023-05-14,P005,North,19,373.5292002097704,1,C001
67,2023-02-23,P002,South,17,425.7284357543571,1,C004
68,2023-04-16,P003,North,7,217.08830653666848,0,C004
69,2023-01-04,P003,South,4,158.43614376381032,1,C001
70,2023-02-23,P003,West,14,169.39461567128524,1,C004
71,2023-05-26,P004,West,15,359.1844532182713,0,C001
72,2023-02-13,P004,West,8,410.22193858776166,0,C002
73,2023-06-11,P002,West,15,98.9908442007353,1,C003
74,2023-01-14,P003,South,14,191.76109399730495,0,C002
75,2023-04-05,P003,East,9,451.9506964070835,0,C005
76,2023-02-17,P005,South,8,405.2798246504222,1,C005
77,2023-01-15,P004,North,17,492.58061735361315,0,C005
78,2023-02-09,P003,West,2,379.5816472442196,1,C001
79,2023-03-23,P002,West,3,202.66564850368192,1,C004
80,2023-04-21,P002,North,8,299.4125386573725,1,C002
81,2023-02-22,P003,South,12,333.8969845811869,1,C002
82,2023-01-24,P004,East,1,48.44334999539073,1,C002
83,2023-06-03,P002,East,10,276.8035099608939,0,C002
84,2023-05-04,P005,North,3,357.56720595157867,0,C005
85,2023-02-10,P002,East,6,91.98743896051958,0,C002
86,2023-06-06,P001,South,7,392.509541538523,0,C004
87,2023-01-15,P001,South,18,296.0486624519147,1,C005
88,2023-02-14,P004,North,11,476.5886749918214,1,C002
89,2023-03-06,P003,South,19,30.78692612137693,0,C001
90,2023-03-30,P004,West,5,140.0098074021788,1,C003
91,2023-03-12,P004,North,19,304.7614008569138,0,C003
92,2023-01-09,P004,South,11,155.31435698090604,0,C003
93,2023-03-29,P004,North,12,360.06784039490867,0,C005
94,2023-05-09,P005,East,10,381.9125884357462,1,C002
95,2023-05-16,P005,South,8,60.23282239257248,1,C005
96,2023-03-04,P002,West,9,261.78868746131616,1,C004
97,2023-05-19,P001,South,4,259.3563722396174,1,C001
98,2023-03-22,P004,North,5,190.94757740561514,0,C001
99,2023-05-16,P002,North,8,467.1331826591393,1,C003
100,2023-06-12,P001,South,9,415.4780967378784,1,C003
101,2023-06-12,P003,West,15,351.632597135722,1,C003
102,2023-02-02,P005,West,15,360.0200515101488,0,C002
103,2023-05-03,P001,West,16,236.24091046842835,0,C004
104,2023-01-05,P003,North,14,461.2873153373222,1,C004
105,2023-02-10,P001,South,8,350.35175935410984,1,C004
106,2023-01-28,P005,East,18,367.2007202113501,1,C004
107,2023-05-15,P005,North,10,432.22854285579916,1,C003
108,2023-03-13,P002,West,6,144.29507877767358,0,C001
109,2023-01-12,P004,South,12,405.4647428946845,1,C003
110,2023-06-11,P001,West,2,105.6678954486811,1,C004
111,2023-02-02,P001,East,7,179.21755659999505,1,C003
112,2023-02-17,P003,West,16,174.44912259222292,0,C004
113,2023-05-31,P005,West,3,489.47747951067885,0,C005
114,2023-03-03,P001,East,13,429.70323963648417,1,C001
115,2023-02-06,P005,South,3,353.57323217922726,1,C005
116,2023-04-09,P001,North,18,366.2578131915412,1,C002
117,2023-06-21,P002,South,11,285.4156692572598,1,C003
118,2023-04-14,P004,East,8,474.07442688317434,1,C002
119,2023-02-04,P001,West,6,253.16678891235716,0,C003
120,2023-04-11,P005,South,1,196.45367783624832,0,C005
121,2023-06-24,P002,North,1,89.8873150964796,0,C004
122,2023-05-11,P001,East,8,395.2407696079184,1,C004
123,2023-01-01,P003,South,5,369.8775267170398,0,C003
124,2023-01-05,P004,North,16,198.3339688768261,0,C004
125,2023-05-22,P001,East,11,22.344772840022387,0,C005
126,2023-04-13,P002,North,5,421.1086905818253,1,C004
127,2023-01-27,P003,East,4,15.594811892496079,1,C005
128,2023-05-17,P002,West,6,354.81289201823495,0,C002
129,2023-01-15,P002,South,14,485.42598376576797,1,C005
130,2023-03-31,P003,North,19,224.4540507926197,0,C001
131,2023-02-11,P002,East,9,125.13696844801686,0,C001
132,2023-05-04,P003,North,12,355.38679492125704,0,C001
133,2023-06-28,P001,North,11,410.39278958763674,0,C003
134,2023-03-04,P003,South,14,277.75085487814516,1,C003
135,2023-04-06,P003,West,16,483.8472848755116,1,C003
136,2023-02-21,P004,North,1,35.31767361240094,1,C005
137,2023-04-06,P003,East,13,257.3498431692188,1,C003
138,2023-05-12,P003,East,13,362.0424341880495,0,C002
139,2023-05-31,P001,West,2,432.6938308630977,1,C001
140,2023-05-23,P004,East,4,97.83524983481712,0,C005
141,2023-06-20,P005,West,6,402.0017060642039,1,C001
142,2023-01-29,P001,East,5,280.8264671020872,1,C003
143,2023-02-05,P001,South,3,204.31130417508197,1,C005
144,2023-01-13,P005,North,1,74.54036400375584,0,C004
145,2023-06-09,P003,South,4,433.9949218653671,0,C002
146,2023-03-12,P002,North,2,87.06387200806053,0,C003
147,2023-03-27,P004,North,5,161.79605101245863,0,C003
148,2023-01-28,P002,North,3,152.12231066159407,1,C002
149,2023-03-07,P005,South,9,436.9928767535186,0,C002
150,2023-06-19,P001,North,6,339.62446716236,0,C004
151,2023-02-14,P001,South,18,400.3738846237724,1,C003
152,2023-03-03,P004,West,6,132.7292704083245,1,C003
153,2023-05-14,P001,East,19,316.18830880742945,0,C001
154,2023-01-28,P001,East,12,290.15553174043686,1,C005
155,2023-01-28,P004,North,11,418.0868846262528,0,C005
156,2023-04-18,P004,South,2,453.98265963581764,1,C001
157,2023-02-13,P005,East,15,15.956818023919535,0,C005
158,2023-03-25,P001,South,12,340.2697603388084,0,C002
159,2023-01-30,P001,South,12,35.39954156866722,0,C005
160,2023-03-16,P005,North,9,278.9407458879044,0,C005
161,2023-05-08,P003,East,2,150.94003723140233,0,C001
162,2023-04-02,P003,North,3,160.32053376584918,1,C004
163,2023-05-09,P003,North,12,182.94966669165473,0,C005
164,2023-05-01,P005,East,16,314.43330003430896,0,C005
165,2023-01-27,P001,East,1,173.6844831776969,0,C004
166,2023-05-01,P005,West,3,369.0225347892374,0,C001
167,2023-04-26,P005,West,2,208.21841893119614,0,C004
168,2023-01-03,P003,South,9,43.493068151879726,1,C001
169,2023-04-13,P002,East,19,394.04232281721255,1,C002
170,2023-06-04,P001,West,15,150.02157905042594,0,C001
171,2023-05-17,P003,South,18,222.05577100363868,1,C002
172,2023-03-03,P002,South,11,345.86750277873176,0,C002
173,2023-06-14,P002,South,16,172.90351700286888,1,C001
174,2023-02-20,P004,West,17,37.72697151189065,1,C003
175,2023-06-21,P001,East,5,193.22131303627867,0,C001
176,2023-06-01,P002,North,12,472.7798055202087,1,C005
177,2023-02-28,P003,South,11,324.4498546762935,1,C005
178,2023-04-28,P004,West,15,339.0247828469314,0,C003
179,2023-06-09,P001,West,3,319.81825528244354,0,C002
180,2023-04-06,P005,North,1,107.50614809012403,1,C003
181,2023-06-29,P003,North,16,214.98359341011727,1,C005
182,2023-04-23,P002,West,2,377.96050119802595,1,C003
183,2023-03-03,P002,East,2,59.67271980104798,0,C001
184,2023-02-21,P003,North,3,146.147860283959,1,C003
185,2023-01-12,P002,West,8,145.39636314826828,1,C002
186,2023-02-08,P004,North,15,221.68927452130794,1,C001
187,2023-05-10,P001,East,7,490.3806830616707,0,C004
188,2023-05-11,P004,South,6,43.07624787507275,0,C005
189,2023-04-23,P002,North,9,264.16348724649157,0,C005
190,2023-04-11,P005,East,1,97.88869418598313,0,C003
191,2023-04-23,P001,West,8,485.63150725077463,1,C001
192,2023-03-22,P001,North,3,65.51871731645745,0,C004
193,2023-04-23,P003,North,4,207.76449115717972,1,C001
194,2023-01-02,P003,West,15,371.56364256895705,1,C005
195,2023-05-10,P005,South,6,355.2316697334482,1,C001
196,2023-02-23,P001,West,15,217.1370320780268,1,C004
197,2023-03-28,P005,North,3,179.79684229683193,0,C003
198,2023-05-09,P003,West,14,204.83006549090658,0,C002
199,2023-05-27,P003,East,14,139.49536894773325,0,C001
200,2023-05-06,P001,West,4,110.6131399663319,0,C002
201,2023-05-10,P004,North,12,246.6894518038561,0,C005
202,2023-02-22,P002,West,17,141.58154047312757,1,C003
203,2023-06-21,P003,South,7,150.85621579965255,0,C003
204,2023-06-09,P003,West,9,331.810471102533,0,C001
205,2023-06-09,P004,South,3,484.58329253294715,0,C003
206,2023-03-09,P004,East,13,305.78222827409377,0,C001
207,2023-05-03,P005,South,15,47.71993886183348,1,C001
208,2023-05-25,P005,West,18,47.03597078849282,1,C002
209,2023-02-07,P002,North,19,476.19737821432733,1,C003
210,2023-01-24,P002,South,1,155.6724872505935,1,C001
211,2023-03-10,P001,East,6,55.11282318041296,1,C002
212,2023-04-26,P005,South,2,303.53184770368694,0,C004
213,2023-04-08,P003,South,14,315.5879013622304,1,C002
214,2023-05-19,P005,South,6,327.7673618581572,1,C002
215,2023-05-24,P003,East,14,141.02699365019524,1,C001
216,2023-04-07,P004,West,4,17.404235265092765,0,C005
217,2023-05-04,P005,South,8,482.8575310326912,0,C005
218,2023-03-11,P004,South,3,132.9375923886402,1,C005
219,2023-04-03,P002,North,19,341.2528811457483,0,C002
220,2023-01-03,P002,East,14,356.2486362405677,0,C001
221,2023-05-28,P001,South,17,308.90363436894796,1,C003
222,2023-06-13,P005,East,8,163.32462316468764,0,C002
223,2023-05-27,P004,South,14,142.83716434439222,0,C002
224,2023-03-31,P003,West,6,302.8574585243245,0,C001
225,2023-05-27,P002,West,16,434.38686046972884,1,C004
226,2023-05-28,P002,South,19,473.8995271724638,1,C002
227,2023-04-06,P003,West,14,61.89384415784124,1,C004
228,2023-02-21,P004,South,19,85.86602017288273,0,C004
229,2023-06-10,P004,West,3,472.92076680370906,1,C005
230,2023-06-17,P005,North,10,370.90226188404836,0,C001
231,2023-05-08,P005,North,19,442.66697416658883,0,C004
232,2023-02-08,P001,North,9,109.28999072631815,0,C001
233,2023-03-23,P002,East,13,297.91707684360694,1,C005
234,2023-04-14,P005,East,7,353.55840126456206,1,C001
235,2023-05-09,P004,North,14,343.2548238690166,1,C002
236,2023-01-11,P003,East,9,209.9943285246821,1,C004
237,2023-06-27,P004,West,19,17.543496928741153,0,C001
238,2023-05-31,P002,South,15,295.6337678340889,1,C003
239,2023-06-08,P004,South,14,134.0197541980083,0,C001
240,2023-02-11,P001,South,6,230.62458061001627,1,C004
241,2023-04-09,P002,North,4,479.2146973910705,1,C005
242,2023-01-07,P003,East,8,205.52730564479302,1,C005
243,2023-05-24,P001,West,17,421.5027872655691,0,C004
244,2023-03-31,P002,West,9,102.38489681713305,0,C002
245,2023-04-22,P003,North,1,339.5056440322641,0,C002
246,2023-03-01,P001,West,14,488.7334076750823,0,C005
247,2023-04-23,P001,West,11,59.92761942773903,0,C005
248,2023-01-02,P002,West,3,14.076771691324087,1,C004
249,2023-05-09,P005,West,9,222.45556838998104,0,C002
250,2023-02-17,P001,East,14,55.38648669516993,0,C005
251,2023-05-20,P001,West,9,376.70833134135336,0,C002
252,2023-02-06,P003,South,4,458.1288452857939,0,C005
253,2023-06-09,P004,North,4,222.67027662729183,1,C001
254,2023-01-09,P002,East,8,136.76870465616605,0,C003
255,2023-04-09,P002,West,2,222.8576263132388,1,C001
256,2023-05-27,P005,East,9,364.4894307465005,1,C005
257,2023-02-17,P005,West,14,14.43653917438178,1,C003
258,2023-05-11,P002,South,9,298.8324548475016,0,C003
259,2023-05-28,P005,North,16,310.5129255948157,1,C005
260,2023-06-01,P003,West,17,322.4672409790084,0,C005
261,2023-02-23,P002,West,16,128.59081919062982,0,C002
262,2023-04-30,P005,West,12,359.8858344552821,0,C005
263,2023-06-10,P002,West,3,54.78182830257044,0,C004
264,2023-06-01,P004,North,11,107.6424648687324,0,C005
265,2023-04-26,P001,North,14,439.9603228606961,1,C004
266,2023-03-16,P002,South,18,371.9743438560175,1,C005
267,2023-04-23,P001,North,5,16.735321465559174,0,C002
268,2023-06-13,P005,West,16,131.70436758120212,1,C004
269,2023-06-15,P001,South,5,115.05917666665063,0,C001
270,2023-04-14,P002,South,3,142.69510073811657,1,C004
271,2023-03-25,P004,South,12,131.30428743714435,1,C002
272,2023-04-22,P005,West,1,40.63788491399441,1,C004
273,2023-04-09,P002,East,9,234.88085313244196,1,C005
274,2023-06-02,P005,West,9,369.0394026452209,1,C005
275,2023-04-03,P003,North,4,307.29854511154383,0,C002
276,2023-05-26,P001,North,3,339.7071176130591,0,C003
277,2023-05-08,P003,West,17,49.76309748275718,1,C005
278,2023-04-20,P002,West,2,476.23044798662573,0,C001
279,2023-03-23,P004,South,1,420.86099858308216,1,C002
280,2023-02-23,P005,West,8,404.49425606287474,0,C004
281,2023-06-12,P001,South,13,413.26206447046604,1,C004
282,2023-06-18,P005,North,15,467.02814898505306,1,C001
283,2023-06-10,P002,South,8,276.68444339571187,1,C005
284,2023-03-09,P005,West,12,108.13818875513668,0,C002
285,2023-02-02,P001,North,12,312.22396784774514,0,C001
286,2023-05-22,P002,East,14,374.0119318972901,1,C005
287,2023-01-21,P005,South,15,371.57952274347247,1,C002
288,2023-02-17,P004,North,15,265.5100218417713,0,C004
289,2023-05-28,P002,South,9,43.54477247345325,0,C002
290,2023-05-08,P002,North,19,191.84533983076264,0,C003
291,2023-05-16,P004,North,8,461.1756381470451,0,C002
292,2023-05-15,P003,South,19,296.37996578113876,0,C003
293,2023-05-25,P001,East,6,273.7826521952996,1,C002
294,2023-05-08,P003,North,19,141.73822204727483,0,C003
295,2023-02-02,P005,North,4,190.53997075912366,1,C004
296,2023-06-25,P004,North,7,448.71958368505295,1,C005
297,2023-04-25,P003,East,4,336.5668932881495,0,C003
298,2023-04-29,P002,East,12,395.8196431086431,0,C003
299,2023-01-22,P005,West,13,232.629257303151,1,C004
300,2023-06-07,P005,South,3,318.8211375335174,0,C003
301,2023-02-07,P003,East,12,131.70796828417167,1,C001
302,2023-04-19,P003,South,2,355.6758068389083,0,C004
303,2023-02-20,P004,West,2,219.52465351463528,0,C001
304,2023-01-08,P001,South,9,226.84730225922533,0,C004
305,2023-01-27,P003,East,1,328.167939042672,1,C003
306,2023-01-27,P003,South,8,468.7775045197741,0,C001
307,2023-01-21,P002,East,6,41.363109838224254,1,C003
308,2023-01-30,P005,South,6,414.1241863000337,0,C004
309,2023-04-07,P001,East,18,153.26772410197464,1,C003
310,2023-01-28,P002,East,17,227.52053270812513,0,C001
311,2023-04-21,P004,South,12,20.73753109975439,1,C001
312,2023-03-02,P004,West,6,157.51257813881338,1,C003
313,2023-02-17,P003,North,8,256.2893088887639,1,C002
314,2023-05-27,P003,West,19,37.52627790024512,1,C004
315,2023-01-04,P004,South,10,250.63690739775092,1,C004
316,2023-02-04,P003,West,1,464.2842081406294,1,C003
317,2023-02-18,P001,East,13,61.64267687282456,0,C002
318,2023-01-17,P003,North,17,384.57595675699713,1,C001
319,2023-06-21,P005,South,3,210.7388161542364,1,C005
320,2023-06-07,P003,South,8,331.0351201169256,1,C005
321,2023-02-15,P002,South,14,137.5159330127624,0,C003
322,2023-04-27,P001,North,3,88.15120864526556,0,C002
323,2023-01-06,P002,East,16,88.62668099290096,0,C002
324,2023-04-09,P002,South,13,44.541053365140876,1,C004
325,2023-05-04,P005,West,17,100.96688540160908,0,C001
326,2023-02-06,P001,South,13,335.46749864459446,0,C002
327,2023-01-24,P001,South,6,442.02839980331896,1,C005
328,2023-04-03,P001,South,17,408.9215859396693,1,C001
329,2023-02-15,P001,South,14,345.7158118384972,0,C001
330,2023-04-05,P001,East,17,64.1116130714403,1,C003
331,2023-04-09,P005,West,8,151.70184868501542,1,C002
332,2023-04-26,P003,East,11,161.8053689080098,1,C003
333,2023-06-09,P002,West,1,132.4789037348344,1,C002
334,2023-06-10,P001,South,7,262.35277325776434,0,C004
335,2023-03-08,P003,North,17,272.4213692910396,1,C003
336,2023-05-08,P003,East,10,184.874127833844,0,C003
337,2023-01-18,P002,North,11,183.35668778085366,0,C005
338,2023-01-25,P005,East,9,415.99224297397984,0,C003
339,2023-02-23,P004,South,9,396.75349567664597,0,C002
340,2023-02-27,P004,East,5,160.81995752356536,1,C005
341,2023-03-08,P003,South,17,457.75633749789705,1,C003
342,2023-04-14,P002,East,9,476.87935833122793,1,C003
343,2023-06-23,P004,South,17,170.10384559472,0,C004
344,2023-01-24,P003,South,19,183.66822490859687,0,C003
345,2023-04-24,P005,West,7,257.7607351767598,0,C001
346,2023-02-01,P004,South,9,471.14919814150005,1,C005
347,2023-06-24,P003,West,7,439.39652223973263,0,C001
348,2023-03-27,P003,South,13,60.258301665959,1,C005
349,2023-05-31,P001,North,11,202.43806420299396,1,C004
350,2023-05-07,P005,South,14,281.1518829773882,1,C003
351,2023-06-04,P001,North,19,256.5349115502546,1,C003
352,2023-05-10,P002,North,11,104.9929032890774,0,C003
353,2023-01-17,P001,South,13,430.8202178723958,1,C005
354,2023-04-14,P001,North,14,341.7009836684503,0,C003
355,2023-06-10,P004,West,13,420.57510367738377,1,C001
356,2023-05-17,P003,East,1,430.7944968812414,0,C003
357,2023-02-12,P005,South,8,376.6943682962125,0,C004
358,2023-06-25,P001,North,12,225.2131946123615,1,C001
359,2023-02-08,P005,South,19,309.16790995755804,1,C003
360,2023-06-19,P001,West,12,88.57904899867414,1,C003
361,2023-01-26,P002,South,8,340.08625456270477,0,C002
362,2023-04-09,P001,South,8,97.83409531224757,1,C005
363,2023-02-19,P004,North,13,350.0352993499768,1,C001
364,2023-06-02,P003,West,12,122.50309876944465,0,C002
365,2023-06-01,P002,East,16,67.60013707360778,1,C004
366,2023-01-13,P001,East,1,90.98940017004914,0,C005
367,2023-03-01,P005,North,13,10.976146257344432,1,C001
368,2023-05-15,P002,South,7,362.1824127482298,0,C003
369,2023-02-26,P002,North,5,368.87651403860576,0,C001
370,2023-02-05,P001,North,8,262.31734145749715,1,C003
371,2023-06-22,P002,North,14,89.06777251713801,0,C005
372,2023-01-20,P005,South,13,50.94162538023797,1,C003
373,2023-03-06,P002,West,15,19.373193554270635,1,C004
374,2023-01-08,P005,North,17,91.21660671295814,0,C003
375,2023-05-24,P001,South,15,446.5192121417419,1,C004
376,2023-05-22,P003,West,18,128.35305243382408,0,C005
377,2023-04-25,P002,North,18,183.59295033643568,0,C005
378,2023-05-23,P003,East,2,61.61928739585326,0,C001
379,2023-04-02,P005,West,4,118.95703932660344,0,C004
380,2023-04-08,P002,North,1,264.4200396823005,0,C004
381,2023-03-07,P004,West,4,307.79881471686974,0,C002
382,2023-02-01,P003,West,18,130.2226339414434,0,C002
383,2023-03-27,P002,West,5,38.288758020307434,0,C002
384,2023-02-20,P003,West,19,201.60610587242533,1,C003
385,2023-06-02,P002,West,15,124.75965175390373,1,C002
386,2023-03-04,P001,West,8,117.58142238260295,0,C004
387,2023-05-05,P003,North,17,480.33277332959307,1,C003
388,2023-05-30,P004,East,1,311.9872381036048,1,C005
389,2023-02-27,P004,South,12,282.87043715432696,1,C001
390,2023-02-27,P005,West,19,213.72980072642775,1,C002
391,2023-03-27,P002,South,15,220.18272338077068,1,C005
392,2023-02-18,P003,North,9,275.0434518806596,1,C004
393,2023-06-29,P005,West,7,351.2506054476925,0,C001
394,2023-06-19,P003,East,2,354.05158712909645,1,C005
395,2023-03-11,P002,South,9,94.13001477567029,1,C001
396,2023-01-15,P004,West,10,255.05524851754723,1,C002
397,2023-02-23,P001,North,2,211.85946656670995,1,C004
398,2023-04-11,P004,East,19,436.5582134719983,0,C001
399,2023-01-08,P005,South,11,319.3952713970044,0,C005
400,2023-02-22,P001,South,13,270.9269925438311,0,C002
401,2023-03-01,P005,West,10,66.54337466766951,0,C002
402,2023-04-18,P002,East,14,306.76256576847163,1,C005
403,2023-01-05,P001,East,18,67.42991378331438,0,C005
404,2023-04-13,P005,East,19,175.2312220272185,0,C001
405,2023-01-06,P002,East,9,79.99256275902262,0,C003
406,2023-04-19,P004,North,7,349.1160870419408,0,C002
407,2023-04-26,P002,East,3,111.06353577971478,1,C001
408,2023-04-04,P003,South,6,202.01109286213273,0,C005
409,2023-02-16,P002,South,2,448.8806410332015,1,C001
410,2023-04-09,P002,North,6,110.11502786549545,0,C005
411,2023-02-24,P003,South,3,258.82448133980176,1,C004
412,2023-06-17,P005,South,16,215.44311397135078,1,C005
413,2023-02-21,P005,East,8,18.88078011240757,0,C005
414,2023-05-24,P002,South,2,398.4514756506783,0,C005
415,2023-01-13,P003,North,17,43.832494094153866,0,C003
416,2023-04-24,P003,East,9,242.38496027870727,0,C005
417,2023-05-04,P004,West,12,284.73236452008547,1,C002
418,2023-04-16,P005,East,3,317.92896374114764,1,C002
419,2023-06-07,P001,North,11,347.42949836085904,0,C001
420,2023-05-27,P005,East,1,134.1034679261304,0,C003
421,2023-05-25,P005,East,13,14.889600562640194,1,C001
422,2023-04-30,P004,North,15,364.4873945539069,0,C002
423,2023-03-04,P001,East,5,272.4717336803135,1,C002
424,2023-01-19,P004,North,17,419.6976745715519,0,C004
425,2023-04-02,P001,North,6,412.4802978213402,1,C005
426,2023-02-27,P002,West,11,423.22982221606276,1,C002
427,2023-03-31,P001,South,18,247.69638338997467,1,C001
428,2023-04-27,P004,South,4,173.47791396006417,1,C001
429,2023-03-03,P005,East,3,397.8635192697713,1,C005
430,2023-01-23,P001,East,13,231.1341153843349,0,C005
431,2023-05-07,P001,West,9,99.8866762376829,1,C004
432,2023-05-17,P003,West,6,428.9372695851224,0,C003
433,2023-05-20,P005,West,12,442.45433961845015,1,C001
434,2023-05-09,P002,North,2,238.49178050868335,1,C005
435,2023-02-27,P004,West,3,47.09286638179586,0,C001
436,2023-05-02,P002,West,3,200.0347840592963,0,C005
437,2023-01-01,P005,East,12,403.7334531366756,0,C002
438,2023-02-03,P001,West,15,451.86927398765204,0,C001
439,2023-04-06,P001,North,9,109.70164382382195,1,C002
440,2023-05-06,P005,North,8,42.817069892383046,0,C001
441,2023-04-28,P001,East,11,439.9017220350909,1,C003
442,2023-02-17,P001,West,16,200.80842009964888,0,C004
443,2023-03-30,P001,West,4,275.462872491106,0,C002
444,2023-04-27,P004,North,1,484.3522479048719,1,C005
445,2023-05-09,P004,West,7,42.6167166779692,1,C003
446,2023-01-16,P003,West,2,327.6758236515268,0,C001
447,2023-03-10,P002,West,5,46.31165706168487,1,C002
448,2023-01-22,P005,South,7,193.97977494858517,1,C001
449,2023-04-03,P005,East,4,403.86912714478893,1,C001
450,2023-03-17,P005,South,5,222.40139405026085,1,C001
451,2023-06-03,P003,East,1,498.6193534124457,1,C004
452,2023-05-24,P004,North,1,283.93904962383505,1,C004
453,2023-06-28,P003,West,15,167.36945479161722,1,C005
454,2023-03-27,P005,East,19,117.85454969332903,1,C002
455,2023-01-29,P002,South,10,181.7550618002193,0,C003
456,2023-03-10,P001,West,18,192.5413041421799,1,C003
457,2023-02-16,P004,North,3,43.66970208474088,0,C003
458,2023-04-04,P004,East,11,191.09135771911886,1,C001
459,2023-05-24,P003,East,15,237.47687467222022,1,C004
460,2023-06-25,P004,East,11,364.1414985970143,1,C002
461,2023-03-26,P005,West,17,331.7974475135879,1,C001
462,2023-02-08,P005,South,17,357.2951710622856,0,C004
463,2023-04-10,P003,South,6,14.098204119659979,0,C004
464,2023-02-02,P005,East,5,116.65702579446267,1,C002
465,2023-04-11,P002,North,8,334.2253013159297,0,C002
466,2023-01-23,P003,North,2,247.1547904080761,1,C002
467,2023-01-10,P002,South,16,12.603603077489513,1,C001
468,2023-03-10,P001,North,12,404.20237479159294,0,C005
469,2023-04-10,P002,South,6,388.6766909122653,0,C002
470,2023-02-03,P001,East,1,278.7253898668457,1,C005
471,2023-06-29,P001,South,4,42.56702963037334,1,C001
472,2023-05-18,P002,South,17,385.5923742709665,0,C005
473,2023-05-27,P003,East,13,296.01965798836835,1,C003
474,2023-04-06,P005,North,18,393.1603888074,0,C005
475,2023-01-01,P005,South,5,378.3560262739618,1,C002
476,2023-03-10,P001,South,3,403.4710152593402,1,C001
477,2023-01-04,P001,East,11,263.82395253826616,0,C002
478,2023-01-16,P003,North,13,78.75901391482235,0,C003
479,2023-01-24,P004,South,4,338.8671619560474,0,C002
480,2023-03-21,P002,East,14,314.03215467546556,1,C002
481,2023-01-02,P001,South,11,373.7040617275527,1,C002
482,2023-05-08,P005,West,10,93.2416929648603,1,C004
483,2023-06-09,P003,East,19,105.53784795114171,1,C003
484,2023-03-25,P002,North,18,446.300663437471,0,C002
485,2023-06-01,P003,North,6,377.4891212415147,1,C002
486,2023-05-20,P002,North,15,455.0319594631582,1,C002
487,2023-06-27,P002,North,10,381.7705073703211,1,C001
488,2023-06-12,P001,South,5,302.6060999352479,0,C004
489,2023-05-04,P003,South,5,330.5250411436581,1,C001
490,2023-02-02,P003,North,10,445.6726827306049,1,C004
491,2023-06-10,P005,North,5,293.61530971085085,0,C002
492,2023-06-28,P005,North,3,319.87174892090985,1,C003
493,2023-06-20,P001,South,6,86.67359084176428,1,C005
494,2023-04-11,P001,North,4,242.22139785689032,0,C005
495,2023-01-12,P004,North,18,361.0345848594685,1,C002
496,2023-03-08,P005,West,9,142.76192217501907,1,C001
497,2023-03-06,P002,West,17,109.1045484570221,1,C003
498,2023-06-10,P003,North,13,163.77513602996362,0,C004
499,2023-06-17,P001,East,15,128.3353077164884,1,C002
500,2023-03-15,P003,North,17,115.30719214783396,1,C003
501,2023-02-12,P003,West,13,218.1769130053626,0,C003
502,2023-02-13,P004,East,16,454.8408718029317,0,C004
503,2023-01-29,P005,East,4,258.459226901972,1,C003
504,2023-05-21,P001,North,5,102.08098659950828,1,C001
505,2023-01-12,P003,West,5,47.7161179966283,1,C001
506,2023-04-05,P001,West,9,351.11651111758334,1,C001
507,2023-02-15,P002,East,17,197.57139457383005,0,C003
508,2023-05-10,P004,North,13,412.69716382682606,1,C001
509,2023-02-04,P002,South,2,333.1602766339774,0,C004
510,2023-03-22,P001,South,13,400.1583107652706,0,C003
511,2023-03-31,P001,West,19,143.2535593150399,1,C005
512,2023-01-08,P005,South,3,349.2558720059185,1,C003
513,2023-04-03,P003,West,10,139.3903724999222,0,C004
514,2023-06-03,P003,West,2,470.1435549306429,0,C005
515,2023-03-31,P002,West,13,321.82339795135346,1,C003
516,2023-06-11,P004,South,19,169.0107820859176,0,C001
517,2023-04-25,P003,West,17,142.0608125232136,1,C002
518,2023-04-15,P005,East,14,103.55402668510531,1,C002
519,2023-05-15,P002,North,12,350.3740698579266,0,C001
520,2023-02-27,P002,North,12,117.17065036898438,0,C002
521,2023-04-24,P005,West,11,301.69860030446966,1,C002
522,2023-03-16,P004,North,7,139.6711631934251,0,C001
523,2023-06-06,P005,South,4,334.3647829489956,1,C001
524,2023-04-30,P004,South,19,409.3204669848642,1,C003
525,2023-06-13,P005,North,1,391.23236914088005,1,C003
526,2023-01-21,P005,South,3,382.81715215608307,0,C001
527,2023-06-13,P001,North,13,101.98397878920352,1,C004
528,2023-05-18,P002,North,15,53.308624022414165,1,C002
529,2023-04-11,P005,North,2,352.48492595881896,1,C003
530,2023-06-01,P005,West,11,190.49013475923215,1,C002
531,2023-06-26,P003,North,4,221.84965093764018,1,C005
532,2023-04-09,P002,West,19,25.26305546876162,1,C001
533,2023-02-05,P003,North,17,137.1924601447741,1,C004
534,2023-04-06,P002,North,3,26.50143789848737,1,C005
535,2023-06-01,P003,North,18,440.80102857461134,1,C005
536,2023-05-31,P005,South,8,129.26437477707992,1,C005
537,2023-02-06,P005,West,19,283.09521309077394,1,C001
538,2023-01-12,P001,West,5,29.099867123953903,0,C003
539,2023-04-23,P003,North,7,336.7552217397725,1,C001
540,2023-01-13,P004,North,8,168.283399419506,1,C003
541,2023-01-23,P001,South,5,449.98040160925626,1,C005
542,2023-04-09,P003,South,17,445.17791257767755,0,C005
543,2023-04-15,P003,South,5,169.3924029972564,1,C004
544,2023-01-30,P001,West,4,451.47083888832924,0,C003
545,2023-01-17,P005,West,19,498.1172600144016,1,C005
546,2023-04-23,P003,West,2,414.45367542073456,1,C002
547,2023-03-03,P005,North,11,423.98696040006223,0,C004
548,2023-03-25,P001,West,13,132.01428069345405,1,C001
549,2023-04-22,P005,East,15,292.5841754403006,0,C004
550,2023-03-27,P002,East,12,42.95539784401025,0,C002
551,2023-05-21,P004,South,11,56.50978904261816,1,C003
552,2023-01-19,P003,West,7,499.4573798963124,1,C001
553,2023-06-26,P004,East,5,170.05323221869637,1,C001
554,2023-04-10,P005,South,17,376.61011690393474,1,C003
555,2023-05-20,P003,West,9,405.26587598314006,0,C004
556,2023-05-27,P005,North,14,430.4314027935423,0,C005
557,2023-03-17,P002,East,12,498.8378657270567,1,C004
558,2023-01-09,P001,North,6,128.33327777586524,0,C002
559,2023-01-28,P003,West,17,29.771905161252857,0,C005
560,2023-05-08,P002,East,19,211.48384381734712,1,C004
561,2023-02-21,P002,West,19,73.739528216184,0,C003
562,2023-03-24,P003,North,16,20.98868568940701,0,C002
563,2023-04-21,P005,East,12,186.6091452993282,1,C002
564,2023-05-24,P002,North,12,394.03174302686585,0,C002
565,2023-04-27,P004,West,6,287.4285387002847,1,C005
566,2023-03-10,P002,West,4,163.26121471307349,0,C001
567,2023-04-09,P005,North,6,330.6275826914327,1,C005
568,2023-05-20,P005,East,11,123.68890835131725,0,C004
569,2023-01-25,P004,North,1,17.046908575321662,0,C001
570,2023-06-29,P002,West,15,384.5331593538494,1,C004
571,2023-05-03,P005,North,11,315.6341115833645,1,C001
572,2023-02-22,P003,West,19,383.52828600547036,1,C005
573,2023-05-31,P001,North,18,29.07962817695615,1,C002
574,2023-05-24,P001,East,17,420.18861763701955,0,C003
575,2023-02-26,P001,East,19,313.56783801778863,0,C002
576,2023-02-08,P002,North,14,286.06372184919366,0,C005
577,2023-04-19,P004,North,18,316.0608835761205,1,C001
578,2023-02-11,P005,East,19,433.5722909654984,0,C002
579,2023-06-16,P003,West,15,297.5988882138645,0,C005
580,2023-05-22,P003,East,15,294.66568614520787,1,C004
581,2023-05-02,P002,West,4,495.43278696222524,1,C003
582,2023-05-13,P001,North,7,380.7977818635983,0,C002
583,2023-06-12,P002,North,13,226.72396467105628,1,C001
584,2023-03-16,P004,West,3,356.6245300161346,0,C004
585,2023-05-26,P004,North,16,200.72293112897637,0,C005
586,2023-03-17,P005,West,9,122.14897661691451,1,C003
587,2023-01-09,P005,South,8,302.45741967500214,0,C001
588,2023-03-15,P004,East,13,464.80922807583624,1,C005
589,2023-05-25,P004,South,17,465.27836480757674,1,C005
590,2023-01-07,P004,West,17,177.53358627169027,0,C002
591,2023-06-23,P002,East,17,268.56195844863055,0,C002
592,2023-05-21,P004,West,1,113.701590299232,0,C001
593,2023-06-17,P003,East,8,497.8592436544529,1,C005
594,2023-06-19,P001,East,19,490.7477748552885,0,C002
595,2023-05-17,P004,East,6,328.2593755566492,1,C003
596,2023-06-27,P001,East,3,404.162889241962,1,C003
597,2023-01-27,P002,West,5,360.399079029013,0,C005
598,2023-05-02,P001,East,13,300.6475273293394,1,C002
599,2023-01-05,P002,East,15,36.140518524559866,0,C001
600,2023-01-29,P003,South,14,232.83452785080394,0,C001
601,2023-06-14,P002,North,16,340.64528806203117,0,C001
602,2023-06-15,P002,North,18,341.99049080300546,0,C003
603,2023-03-24,P005,South,11,192.83008302696797,0,C002
604,2023-05-16,P004,South,3,471.429073462435,0,C002
605,2023-04-19,P004,West,10,92.0049457960227,0,C003
606,2023-03-06,P003,West,10,255.1761286456247,1,C001
607,2023-03-27,P003,West,16,348.5331485099032,0,C001
608,2023-05-25,P004,South,12,351.5965448869865,1,C005
609,2023-03-12,P005,South,2,327.8330888167196,1,C004
610,2023-02-14,P004,East,9,144.8912245914115,1,C002
611,2023-05-12,P005,West,3,86.54121865644477,0,C002
612,2023-02-05,P003,West,15,321.6107601450883,1,C002
613,2023-03-11,P001,West,3,303.6580369083245,1,C004
614,2023-06-08,P003,North,19,97.88444504172807,0,C005
615,2023-01-19,P003,East,18,355.518181329576,0,C004
616,2023-04-18,P002,West,8,233.03427594949164,1,C001
617,2023-06-16,P002,West,17,337.20268988554494,0,C001
618,2023-04-01,P002,West,8,420.30986908737384,0,C002
619,2023-03-31,P002,North,7,93.16693000269235,0,C003
620,2023-01-19,P005,North,7,19.380985318449973,0,C002
621,2023-02-08,P004,South,3,391.76026733393553,1,C003
622,2023-05-06,P001,East,1,308.7517383247818,0,C004
623,2023-06-22,P003,South,4,352.82338911483964,0,C001
624,2023-05-21,P005,East,5,420.69593774443484,0,C003
625,2023-05-06,P001,North,1,403.37735806400525,1,C004
626,2023-02-27,P005,West,15,480.85087199512407,1,C001
627,2023-05-28,P005,South,5,272.6081886375379,0,C003
628,2023-03-02,P003,West,13,249.36286000335363,0,C002
629,2023-05-07,P004,South,8,206.92472794645772,1,C002
630,2023-04-15,P002,North,8,85.30861099366022,0,C002
631,2023-06-16,P004,North,5,290.577544112191,0,C004
632,2023-01-01,P003,North,9,145.7361369197296,1,C002
633,2023-05-11,P003,South,1,461.440680984358,0,C005
634,2023-04-02,P003,East,4,295.7634940957778,0,C001
635,2023-04-23,P001,South,3,300.491688448974,1,C004
636,2023-06-02,P004,East,2,183.91308382973492,1,C002
637,2023-02-25,P004,South,8,35.47478246907667,0,C001
638,2023-06-10,P005,South,9,25.554445032764423,1,C003
639,2023-06-15,P005,North,2,217.43422063506677,0,C002
640,2023-04-27,P005,West,14,51.43703526764655,0,C001
641,2023-05-14,P003,West,14,307.35500821466815,0,C005
642,2023-02-27,P004,East,4,441.67677276343215,1,C003
643,2023-02-13,P003,West,6,442.62826009417387,1,C005
644,2023-06-22,P001,South,11,332.93225096479387,0,C001
645,2023-06-09,P005,South,3,113.50359742173619,0,C005
646,2023-06-22,P003,North,8,432.8684473658473,1,C001
647,2023-03-02,P003,North,3,444.185783303472,1,C001
648,2023-02-16,P001,West,14,106.36025662694976,1,C005
649,2023-05-29,P002,East,13,371.33878202763185,0,C001
650,2023-03-21,P004,West,13,150.39457897429025,1,C002
651,2023-04-28,P002,West,2,403.29375305293553,1,C001
652,2023-06-13,P005,West,13,498.64657095276533,0,C004
653,2023-05-27,P003,West,19,24.71274261140248,0,C001
654,2023-01-20,P001,South,6,449.70927423755666,0,C004
655,2023-05-26,P001,East,16,315.08896146334246,1,C001
656,2023-02-16,P004,South,2,486.9574833907624,0,C001
657,2023-02-18,P002,East,8,237.85466358794952,0,C005
658,2023-01-14,P004,North,17,425.22008597997313,0,C002
659,2023-05-23,P003,West,2,40.57309361315585,0,C002
660,2023-06-08,P004,South,10,174.2867345383649,1,C003
661,2023-01-01,P001,East,16,42.838103498092885,0,C005
662,2023-04-27,P001,North,6,487.9181354047446,1,C005
663,2023-02-23,P005,North,2,410.31721456319997,1,C002
664,2023-04-28,P005,West,2,427.7482364105255,1,C005
665,2023-01-03,P003,East,13,469.60296340260817,0,C002
666,2023-05-24,P002,South,15,51.70070819869483,1,C005
667,2023-01-12,P004,West,2,198.94282033153334,0,C001
668,2023-03-15,P003,South,7,44.80709563156104,0,C002
669,2023-01-16,P005,North,3,113.28861975951402,0,C002
670,2023-04-12,P004,South,8,122.38923074845945,1,C004
671,2023-06-01,P005,South,14,239.86253341331354,0,C005
672,2023-06-05,P004,West,7,141.59546205228486,0,C005
673,2023-04-27,P002,South,7,59.479272340702934,0,C002
674,2023-01-08,P003,West,1,92.07063365611278,1,C001
675,2023-05-02,P004,North,17,82.16502614052456,1,C001
676,2023-04-02,P001,West,9,486.8076309770262,1,C001
677,2023-06-13,P001,West,13,382.05332839005206,0,C005
678,2023-03-31,P004,East,19,484.20311798208536,1,C004
679,2023-05-16,P004,South,19,225.47283838887518,0,C002
680,2023-03-01,P004,North,17,146.40055601470172,0,C003
681,2023-06-27,P001,West,10,401.1636666325015,1,C004
682,2023-01-28,P001,North,10,169.86441984016193,0,C003
683,2023-04-11,P004,East,4,156.69785311562066,1,C004
684,2023-02-10,P005,South,8,123.92793618183728,0,C001
685,2023-06-04,P005,West,18,73.54269932987532,1,C005
686,2023-05-25,P002,South,14,135.66689989821532,0,C003
687,2023-06-10,P003,East,18,184.10667675220498,0,C004
688,2023-06-06,P005,East,14,340.2571619914079,0,C005
689,2023-05-21,P001,North,15,40.65677268753127,0,C003
690,2023-02-15,P005,West,4,113.14840043601805,0,C002
691,2023-02-04,P002,North,13,406.4215837429214,1,C004
692,2023-05-14,P002,East,8,81.99174255604767,0,C002
693,2023-03-23,P003,South,18,177.89612179603554,1,C001
694,2023-04-25,P005,North,12,433.68287171048866,1,C002
695,2023-02-16,P001,North,14,85.9134024602869,1,C002
696,2023-06-02,P001,South,2,50.54104945291305,0,C004
697,2023-01-10,P004,North,18,247.42361758920532,0,C001
698,2023-02-25,P001,South,2,158.18556052648285,0,C002
699,2023-01-30,P003,West,11,286.07009859708853,1,C005
700,2023-04-19,P003,South,9,403.8643963369028,0,C003
701,2023-01-05,P001,West,12,77.20275919484415,0,C002
702,2023-04-29,P001,South,17,294.54255143159963,1,C001
703,2023-02-02,P004,East,15,257.6992925910333,1,C002
704,2023-04-28,P001,East,17,80.59860514646779,1,C003
705,2023-03-06,P004,West,18,315.7592579092014,1,C001
706,2023-05-26,P004,West,6,144.0838047517781,1,C004
707,2023-06-26,P001,East,17,249.03881608656613,1,C001
708,2023-01-11,P002,West,18,50.31343889576032,0,C004
709,2023-03-26,P002,South,8,235.1961880346753,1,C001
710,2023-01-26,P004,South,9,160.16709934098196,0,C003
711,2023-03-04,P001,East,6,412.96679348082364,0,C003
712,2023-03-27,P002,North,5,37.919576228710454,0,C001
713,2023-02-28,P001,South,12,215.11756470998168,1,C002
714,2023-01-27,P001,West,11,234.63139782440462,0,C003
715,2023-06-26,P001,North,1,365.2529773865682,1,C004
716,2023-06-10,P005,North,11,291.4009117942034,1,C004
717,2023-04-08,P001,South,19,336.93404522514874,0,C005
718,2023-04-15,P005,South,9,390.7541499693605,1,C004
719,2023-04-09,P004,North,2,432.4794570925125,0,C005
720,2023-05-09,P002,North,12,163.79899339401055,0,C001
721,2023-05-29,P002,East,4,273.6311256283125,1,C001
722,2023-02-24,P002,West,4,421.65295843520795,0,C001
723,2023-01-06,P002,East,18,494.83105417287766,0,C002
724,2023-04-05,P002,South,15,445.8644624114439,0,C002
725,2023-05-13,P002,East,19,192.01895868594463,1,C005
726,2023-04-12,P002,East,13,105.6315934371387,0,C004
727,2023-01-03,P004,East,19,249.80234332922848,1,C004
728,2023-01-23,P001,East,17,373.4043113996607,1,C001
729,2023-02-22,P003,West,6,251.35884466911583,0,C003
730,2023-06-14,P005,West,16,246.75862302369757,0,C002
731,2023-03-24,P003,North,12,420.7329063300823,1,C002
732,2023-05-25,P003,South,19,187.08785174292132,1,C001
733,2023-03-26,P001,East,5,431.29939065770634,0,C002
734,2023-03-19,P001,North,17,209.33435246634454,0,C001
735,2023-04-20,P001,North,1,170.83422178238632,1,C005
736,2023-01-01,P002,North,10,232.45505648785252,1,C004
737,2023-02-20,P004,West,15,383.5990097506855,1,C003
738,2023-06-22,P002,East,11,71.74099365335721,1,C004
739,2023-01-04,P004,East,13,106.24541577728851,1,C004
740,2023-04-23,P004,South,5,476.2079645749151,0,C005
741,2023-02-01,P003,East,1,95.99089741686511,1,C002
742,2023-02-03,P003,East,12,288.18638578621676,1,C003
743,2023-04-02,P004,North,11,293.86408866434954,0,C002
744,2023-04-05,P004,South,17,249.91598640461996,0,C004
745,2023-03-13,P002,East,4,325.9251718026411,1,C001
746,2023-02-08,P002,West,15,122.61509564083303,1,C004
747,2023-06-03,P003,East,9,280.8045112106066,0,C002
748,2023-06-11,P001,North,19,192.3648950709796,1,C004
749,2023-04-28,P004,West,19,334.21695721830264,1,C001
750,2023-01-03,P002,North,12,79.19953625284323,0,C005
751,2023-05-03,P003,East,5,289.72993425134337,1,C002
752,2023-02-19,P002,West,10,100.78247413782861,0,C004
753,2023-01-12,P004,South,17,146.53510092636785,0,C002
754,2023-02-23,P004,South,5,117.16780215855579,0,C005
755,2023-05-13,P005,West,16,99.59051213572039,0,C004
756,2023-02-26,P001,West,7,414.59836626472685,1,C004
757,2023-05-25,P005,North,9,149.99670815383627,0,C002
758,2023-04-22,P003,West,3,464.29065311358016,1,C002
759,2023-02-16,P002,North,15,485.2639974191435,1,C001
760,2023-05-31,P003,East,16,289.9176302691777,1,C005
761,2023-03-26,P004,North,18,80.07055010620593,1,C001
762,2023-05-22,P005,West,14,193.52863925599482,1,C004
763,2023-03-07,P005,West,3,400.8888090406249,0,C002
764,2023-03-16,P005,East,12,190.02145706156452,0,C004
765,2023-06-28,P003,West,9,52.638436968366484,0,C004
766,2023-04-13,P004,West,7,282.8246063548121,0,C003
767,2023-06-15,P002,South,9,424.10921723305705,1,C003
768,2023-02-07,P002,South,13,400.0039297003162,0,C004
769,2023-02-19,P003,East,18,95.81033866387308,1,C002
770,2023-04-08,P005,North,5,339.6546610621087,1,C004
771,2023-03-23,P001,South,13,118.04708908346709,0,C003
772,2023-01-30,P003,North,4,116.92169193056439,0,C002
773,2023-03-20,P003,West,2,438.29516891954074,0,C004
774,2023-04-01,P004,South,16,132.33778684271277,0,C005
775,2023-06-28,P002,East,9,138.99119979382547,1,C005
776,2023-02-21,P003,East,9,10.320161473036782,1,C004
777,2023-06-15,P003,East,6,436.62782672150365,0,C002
778,2023-03-20,P005,South,11,398.37145847247604,1,C004
779,2023-01-30,P005,North,1,317.3911781944322,1,C004
780,2023-04-16,P001,West,4,377.6302243300327,1,C003
781,2023-02-20,P004,North,13,84.50379803800098,0,C005
782,2023-03-22,P001,North,13,234.57856134791197,1,C003
783,2023-05-13,P005,West,13,182.09749980090263,0,C003
784,2023-01-29,P002,West,2,55.95049786593808,0,C004
785,2023-05-12,P005,South,9,248.2039377553128,1,C003
786,2023-05-18,P004,South,8,461.16242866789133,1,C005
787,2023-05-25,P005,South,7,29.628968334840295,0,C003
788,2023-03-15,P004,South,4,152.81584761195901,1,C005
789,2023-01-17,P004,South,18,111.69505874079469,1,C003
790,2023-03-25,P004,West,3,126.6918602961912,0,C005
791,2023-03-10,P004,North,6,455.1329304208939,0,C003
792,2023-02-03,P004,South,12,239.35383657480216,0,C003
793,2023-01-06,P002,South,12,238.48671234051122,0,C002
794,2023-02-22,P001,North,8,382.68206480308834,1,C005
795,2023-05-06,P003,South,1,85.70117996241365,1,C005
796,2023-02-12,P001,North,4,248.76002350902488,0,C005
797,2023-04-25,P004,North,11,220.69275491931927,0,C001
798,2023-04-21,P002,West,3,302.4862383678615,0,C003
799,2023-05-31,P005,East,13,499.7832745927149,1,C005
800,2023-03-21,P002,West,17,387.0299581002031,0,C001
801,2023-04-05,P004,East,10,204.9541944785393,1,C002
802,2023-04-28,P002,East,12,415.500995614283,0,C005
803,2023-05-24,P002,East,15,93.64709802311529,0,C005
804,2023-01-08,P004,South,10,24.927206291390462,0,C001
805,2023-05-12,P002,West,14,110.1797025074938,1,C003
806,2023-04-14,P003,East,13,176.80166249598724,1,C002
807,2023-05-12,P003,North,5,260.18457115518436,1,C005
808,2023-01-25,P002,South,6,311.4132788651879,0,C003
809,2023-04-06,P005,West,2,456.1968014350667,1,C002
810,2023-06-04,P004,East,17,259.8284646797242,1,C004
811,2023-04-03,P003,North,4,255.6250658666074,0,C004
812,2023-06-09,P005,West,14,34.61907481326125,0,C002
813,2023-06-27,P002,West,10,27.106660801549666,1,C001
814,2023-03-02,P005,South,3,280.0683813390223,1,C002
815,2023-05-02,P001,West,3,224.7075204916888,1,C002
816,2023-02-20,P003,South,15,421.19839354034633,1,C001
817,2023-05-27,P002,East,6,88.73299650880413,0,C001
818,2023-01-21,P004,South,17,22.236114437354303,0,C003
819,2023-01-05,P002,North,12,230.02899628576168,0,C003
820,2023-04-02,P004,South,11,126.36449280860617,1,C001
821,2023-06-19,P002,North,4,34.31104293603035,1,C004
822,2023-03-02,P005,South,6,365.0531605553382,0,C004
823,2023-01-22,P005,West,1,64.68056997905126,0,C002
824,2023-05-29,P005,East,16,308.07655500380815,1,C005
825,2023-03-11,P001,North,15,147.7143775817757,1,C002
826,2023-01-01,P004,South,17,95.0130646739608,0,C002
827,2023-05-13,P005,South,8,196.07824623046557,0,C005
828,2023-01-12,P001,South,12,402.7084303492473,0,C001
829,2023-03-31,P004,West,10,202.12585268324062,1,C004
830,2023-02-15,P002,West,15,377.8771281134173,1,C002
831,2023-02-03,P001,North,9,71.48828543158385,1,C005
832,2023-06-26,P003,North,2,388.65799563588877,1,C003
833,2023-03-19,P001,West,5,126.09732920425783,1,C002
834,2023-02-14,P001,North,6,341.92263364554765,1,C004
835,2023-06-04,P004,East,7,287.2329618720882,0,C001
836,2023-03-14,P002,East,1,465.28091143372677,0,C002
837,2023-01-26,P003,West,7,199.78803380790387,1,C002
838,2023-02-16,P005,North,12,42.42094252887582,0,C005
839,2023-05-01,P005,South,16,19.386187920113922,1,C003
840,2023-02-25,P001,East,16,415.160694876649,0,C003
841,2023-04-04,P004,West,11,267.12046245410176,1,C001
842,2023-04-17,P004,North,4,389.8695853991251,0,C004
843,2023-03-04,P005,West,13,124.86854400564219,0,C001
844,2023-02-17,P003,South,7,179.09103530148454,1,C002
845,2023-03-02,P002,East,4,24.75089738354628,1,C002
846,2023-03-22,P003,West,15,481.131239041315,0,C003
847,2023-01-26,P002,West,19,337.2552742833986,0,C004
848,2023-02-05,P005,West,9,467.27049300206005,1,C005
849,2023-01-01,P002,South,11,140.09323964024543,0,C004
850,2023-01-08,P004,West,8,309.6171695005738,1,C002
851,2023-04-23,P001,South,1,342.4649844633925,1,C005
852,2023-04-09,P001,South,8,165.59935312621835,0,C004
853,2023-06-29,P005,South,13,425.5735251576587,1,C004
854,2023-02-16,P004,East,4,474.10911682112146,0,C005
855,2023-05-07,P003,East,8,443.5790076710421,0,C002
856,2023-02-25,P004,West,3,372.14281821029255,1,C004
857,2023-01-14,P001,West,9,145.9576930652275,0,C005
858,2023-01-28,P001,East,2,147.99186063175955,1,C002
859,2023-03-19,P004,North,2,482.0465570185586,1,C005
860,2023-05-10,P004,East,13,15.039403008489094,1,C005
861,2023-04-19,P001,South,15,360.8644868886508,0,C004
862,2023-06-03,P003,East,12,356.06061965207846,1,C002
863,2023-01-14,P005,South,4,315.11787506540077,0,C004
864,2023-02-25,P005,West,8,495.15333458256424,1,C001
865,2023-04-25,P004,North,9,162.82092352422535,1,C001
866,2023-01-07,P005,West,5,176.5862132586916,1,C002
867,2023-01-03,P001,South,18,48.68030744381222,0,C005
868,2023-04-21,P001,South,11,226.97108690643134,0,C004
869,2023-05-31,P004,South,15,137.91377785507558,1,C004
870,2023-04-17,P004,North,9,178.25948406704566,1,C002
871,2023-01-18,P004,East,17,418.94017722525757,0,C002
872,2023-02-07,P003,West,12,468.38741162847293,0,C001
873,2023-04-25,P005,West,7,101.00920528254096,0,C003
874,2023-01-15,P004,East,10,192.52937646119827,1,C002
875,2023-04-29,P002,West,10,465.0289754365431,0,C003
876,2023-01-28,P002,North,13,40.28614573771909,1,C002
877,2023-02-08,P001,West,19,55.25665877457547,0,C005
878,2023-01-17,P005,South,11,89.7675847110524,1,C005
879,2023-03-27,P004,East,13,301.65428872216864,1,C001
880,2023-05-06,P002,North,8,83.73141279293876,1,C001
881,2023-02-13,P005,East,8,484.35742691085943,0,C003
882,2023-01-25,P001,North,4,228.89011835667498,0,C002
883,2023-05-25,P003,South,15,255.74380057158152,0,C004
884,2023-01-13,P005,East,11,130.86272174464918,1,C001
885,2023-01-25,P005,West,11,240.7705236930194,1,C004
886,2023-03-09,P003,North,1,334.33767999213563,0,C004
887,2023-05-18,P005,East,17,378.07679710748096,1,C002
888,2023-03-08,P001,West,15,379.39536052785735,1,C003
889,2023-04-19,P001,East,6,293.1666452201033,1,C002
890,2023-05-26,P003,East,15,453.13628974699003,0,C001
891,2023-04-21,P004,East,9,410.5298451799936,1,C004
892,2023-04-21,P002,North,14,380.9535762023265,0,C002
893,2023-02-03,P004,West,18,37.246705623425704,0,C002
894,2023-04-21,P005,South,17,13.370201487628163,0,C002
895,2023-01-08,P002,North,18,114.09916582578175,0,C001
896,2023-06-17,P003,North,5,335.1265610175916,0,C003
897,2023-04-23,P003,North,9,211.48676955244744,1,C002
898,2023-03-24,P002,South,11,207.17906705666275,0,C001
899,2023-02-11,P001,West,1,443.4475752325107,0,C004
900,2023-06-18,P002,West,18,448.825795584601,0,C005
901,2023-04-11,P005,West,6,455.495879386257,1,C001
902,2023-01-06,P001,East,2,163.8002574923634,1,C005
903,2023-06-29,P003,East,15,348.6173482422383,1,C002
904,2023-01-26,P002,East,14,143.1002588244411,1,C002
905,2023-03-05,P004,South,5,103.3988182064804,0,C001
906,2023-02-28,P004,East,6,100.46990410021091,0,C005
907,2023-04-19,P005,South,6,177.63273422316107,1,C002
908,2023-05-01,P004,West,18,220.67923369211263,1,C004
909,2023-02-02,P002,East,14,417.16509381698353,1,C003
910,2023-05-30,P002,East,10,68.74663580162893,1,C003
911,2023-01-21,P004,North,14,370.1136652234982,0,C002
912,2023-03-11,P002,South,13,270.4129079527596,1,C005
913,2023-04-22,P005,West,3,151.0932179112363,1,C002
914,2023-01-04,P001,North,6,251.48159642108405,1,C005
915,2023-04-04,P005,North,8,156.9716141907411,1,C004
916,2023-03-16,P005,West,12,302.0801580667699,1,C005
917,2023-03-03,P002,North,13,222.58352219906965,1,C002
918,2023-04-04,P001,South,11,90.55870924865057,1,C004
919,2023-04-05,P002,South,12,67.12570653229139,0,C001
920,2023-06-01,P003,East,1,277.88088421534377,0,C003
921,2023-02-24,P002,North,17,452.1823863101907,0,C002
922,2023-05-17,P002,East,16,178.53926641326592,0,C002
923,2023-05-11,P002,North,11,369.17005253908536,0,C002
924,2023-01-31,P001,South,13,332.7440639204858,0,C004
925,2023-02-09,P002,South,18,466.4619080116457,1,C001
926,2023-02-05,P001,South,11,412.280698476579,1,C005
927,2023-06-01,P004,North,12,287.63657686367685,0,C001
928,2023-01-06,P003,South,6,331.94494413471256,1,C004
929,2023-03-07,P001,North,9,450.2093686261771,0,C002
930,2023-03-16,P004,East,16,205.76420444759805,1,C003
931,2023-01-04,P001,North,4,170.1294058703109,1,C002
932,2023-03-20,P001,East,3,15.297430981246206,1,C005
933,2023-05-14,P003,North,16,415.01002635381747,1,C003
934,2023-04-28,P005,East,12,402.4805431976488,1,C002
935,2023-04-23,P005,South,11,61.18271386907418,1,C003
936,2023-04-04,P001,East,5,292.6601167550231,0,C001
937,2023-06-28,P002,South,18,237.35103210177482,0,C004
938,2023-03-03,P004,South,19,68.16745679946462,1,C002
939,2023-03-20,P002,East,6,490.47843125975453,0,C005
940,2023-05-16,P002,North,18,115.20098485704416,1,C001
941,2023-01-26,P001,North,6,42.94474824437496,0,C002
942,2023-06-28,P001,West,4,301.4752159559357,1,C001
943,2023-06-22,P001,North,12,372.044671795186,0,C005
944,2023-02-13,P001,West,19,25.897288563121613,1,C002
945,2023-05-13,P005,North,2,332.77164297624086,0,C005
946,2023-03-11,P001,North,17,270.8230192162127,1,C003
947,2023-06-03,P005,South,11,60.599854348773725,0,C005
948,2023-04-28,P005,West,11,94.53669970371742,1,C003
949,2023-03-09,P001,North,16,288.3074056848794,1,C002
950,2023-01-19,P003,West,2,155.2152306215113,1,C003
951,2023-01-20,P004,South,2,469.77470703914486,0,C002
952,2023-04-23,P002,South,8,411.1827124471849,0,C002
953,2023-05-20,P005,West,13,491.94793119169486,0,C004
954,2023-02-16,P004,South,10,137.23871108570285,1,C002
955,2023-01-01,P003,East,8,485.16458007100874,0,C003
956,2023-03-31,P002,East,4,221.30459619786336,1,C004
957,2023-05-22,P002,South,15,180.28420970373978,0,C004
958,2023-03-05,P005,East,1,34.67126821498309,0,C002
959,2023-02-07,P001,North,11,35.85497635120528,0,C005
960,2023-02-06,P003,West,7,349.0855154138608,0,C005
961,2023-05-06,P005,North,17,234.38520727267368,1,C004
962,2023-05-19,P003,West,18,120.9955967576918,0,C002
963,2023-04-10,P001,South,12,310.845450099364,0,C005
964,2023-03-18,P001,North,9,133.90047794255446,1,C002
965,2023-01-03,P005,South,5,293.03955962876705,1,C002
966,2023-06-10,P001,South,10,186.01228602151826,0,C004
967,2023-05-14,P004,West,4,413.5405910397913,0,C004
968,2023-06-27,P002,West,5,412.14111877572185,1,C001
969,2023-01-10,P005,West,10,243.90169507997663,1,C005
970,2023-01-05,P003,North,11,181.90136357415764,1,C005
971,2023-05-31,P004,East,10,187.65430031395633,0,C005
972,2023-05-18,P005,West,8,404.80011757742676,0,C003
973,2023-06-21,P001,West,2,170.80794657082987,0,C002
974,2023-05-10,P001,North,8,112.43909311635456,1,C004
975,2023-01-13,P001,West,16,51.49728751890034,1,C005
976,2023-06-17,P001,North,5,238.67962923336012,1,C001
977,2023-05-10,P003,South,3,246.24472847072252,0,C005
978,2023-03-25,P004,West,12,422.0452680974245,1,C002
979,2023-03-06,P002,West,13,118.40696125857134,0,C002
980,2023-03-04,P003,South,13,196.68572409751596,1,C004
981,2023-04-11,P003,South,10,406.11881205790854,0,C003
982,2023-03-14,P002,South,4,413.57556926699704,0,C004
983,2023-01-17,P002,West,9,198.45942722959643,1,C005
984,2023-01-09,P001,East,2,234.97077141047365,0,C001
985,2023-05-23,P003,East,19,158.61008651614864,1,C004
986,2023-06-01,P005,East,1,466.9518904254629,0,C003
987,2023-02-07,P002,West,7,68.13544521337435,1,C004
988,2023-06-12,P002,South,17,467.5372172707203,1,C002
989,2023-04-04,P004,West,3,345.0945613993182,0,C005
990,2023-04-05,P005,South,3,270.4703548164983,1,C005
991,2023-02-18,P005,West,3,26.00293978440298,0,C005
992,2023-03-10,P002,West,17,243.04213399278407,1,C005
993,2023-03-03,P001,South,7,209.79657145133882,1,C005
994,2023-06-27,P004,East,14,88.99721786781005,1,C005
995,2023-03-19,P005,South,17,331.6407057153219,1,C001
996,2023-04-27,P002,North,18,485.86394461046007,0,C003
997,2023-04-30,P005,North,13,285.4725174216173,1,C005
998,2023-05-17,P004,South,18,360.2291054575335,1,C003
999,2023-06-11,P004,West,4,43.54072175734822,0,C005
1000,2023-03-17,P003,North,1,214.65682795032743,0,C004
